Wall time,Step,Value
1627730254.6881027,0,2.279165029525757
1627730763.3375213,1,2.834801197052002
1627731269.3423135,2,1.7504960298538208
1627731819.0244005,3,1.6125974655151367
1627732354.169342,4,1.399773120880127
1627732895.5542564,5,1.4857996702194214
1627733435.878034,6,1.4549412727355957
1627733952.9427023,7,1.4569960832595825
1627734451.4403715,8,1.6686732769012451
1627734995.5900455,9,1.6013269424438477
