Wall time,Step,Value
1626493314.561546,0,1.135786533355713
1626493347.8013716,1,0.5245558023452759
1626493379.3938637,2,0.49331924319267273
1626493410.9156291,3,0.6115205883979797
1626493442.1639636,4,0.6333988904953003
1626493472.560215,5,0.20946025848388672
1626493503.091521,6,0.2609750032424927
1626493533.693203,7,0.20642128586769104
1626493564.1449633,8,0.1620047241449356
1626493594.7100875,9,0.45587074756622314
1626493626.0066977,10,0.33180731534957886
